Arrival Rate,Mean Anchorage Queue Length
1.0,12.1
0.5,4.1
1.5,560.3
2.5,2860.7000000000003
3.5,5332.2
4.5,7691.700000000001
