Arrival Rate,Mean Channel Utilization
0.7,2.1
0.8999999999999999,2.6
1.0999999999999999,3.2
1.2999999999999998,3.4
1.4999999999999998,3.5
1.6999999999999997,3.6
1.8999999999999997,3.6
2.0999999999999996,3.5
2.3,3.5
2.4999999999999996,3.5
2.6999999999999993,3.5
2.8999999999999995,3.5
3.0999999999999996,3.4
3.2999999999999994,3.4
3.499999999999999,3.4
3.6999999999999993,3.5
3.8999999999999995,3.3
4.1,3.3
4.299999999999999,3.3
4.499999999999999,3.3
4.699999999999999,3.3
4.899999999999999,3.3
